"#","Product Name","Product Name En","Markets","Date","Farmgate Price","Wholesale Price","Retail Price","Province","District"
"1","Ibijumba","Ibijumba","gisenyi","Mon Sep 28 2026 16:46:02 GMT+0200 (Central Africa Time)","300","450","500","",""
"2","Ibigori","Ibigori","gisenyi","Mon Sep 28 2026 16:46:02 GMT+0200 (Central Africa Time)","300","450","500","",""
"3","inshyushyu","inshyushyu","gisenyi","Mon Sep 28 2026 16:42:49 GMT+0200 (Central Africa Time)","400","600","700","",""
"4","Avoka","Avoka","gisenyi","Mon Sep 28 2026 16:42:49 GMT+0200 (Central Africa Time)","400","600","700","",""
"5","Amatunda","Amatunda","gisenyi","Mon Sep 28 2026 16:37:41 GMT+0200 (Central Africa Time)","1600","1800","2000","",""
"6","Inyama-ihene","Inyama-ihene","nyagatare","Mon Sep 28 2026 12:56:20 GMT+0200 (Central Africa Time)","7500","8500","9000","",""
"7","Inyama-inka- Iroti","Inyama-inka- Iroti","nyagatare","Mon Sep 28 2026 12:56:20 GMT+0200 (Central Africa Time)","7500","8500","9000","",""
"8","Inyama - Inkoko - rwanda","Inyama - Inkoko - rwanda","nyagatare","Mon Sep 28 2026 12:56:20 GMT+0200 (Central Africa Time)","6000","7000","8000","",""
"9","Imyumbati","Imyumbati","nyagatare","Mon Sep 28 2026 12:56:20 GMT+0200 (Central Africa Time)","350","450","500","",""
"10","Ubunyobwa","Ubunyobwa","nyagatare","Mon Sep 28 2026 12:56:20 GMT+0200 (Central Africa Time)","2000","2500","3000","",""
"11","inshyushyu","inshyushyu","nyagatare","Mon Sep 28 2026 12:56:20 GMT+0200 (Central Africa Time)","550","650","700","",""
"12","Ingano","Ingano","nyagatare","Mon Sep 28 2026 12:56:20 GMT+0200 (Central Africa Time)","900","1100","1300","",""
"13","Ibishyimbo Shyushya","Ibishyimbo Shyushya","nyagatare","Mon Sep 28 2026 12:56:20 GMT+0200 (Central Africa Time)","900","1100","1300","",""
"14","Karoti","Karoti","nyagatare","Mon Sep 28 2026 12:56:20 GMT+0200 (Central Africa Time)","800","1000","1200","",""
"15","ibitunguru-bitukura","ibitunguru-bitukura","nyagatare","Mon Sep 28 2026 12:56:20 GMT+0200 (Central Africa Time)","750","850","900","",""
"16","Imiteja","Imiteja","nyagatare","Mon Sep 28 2026 12:56:20 GMT+0200 (Central Africa Time)","750","850","900","",""
"17","Konkombure","Konkombure","nyagatare","Mon Sep 28 2026 12:56:20 GMT+0200 (Central Africa Time)","1100","1300","1500","",""
"18","Inyama-zinka","Inyama-zinka","nyagatare","Mon Sep 28 2026 12:56:20 GMT+0200 (Central Africa Time)","5500","6500","7500","",""
"19","inyama-inka-imvange","inyama-inka-imvange","nyagatare","Mon Sep 28 2026 12:56:20 GMT+0200 (Central Africa Time)","5500","6500","7500","",""
"20","inyama - inkoko - pondezi","inyama - inkoko - pondezi","nyagatare","Mon Sep 28 2026 12:56:20 GMT+0200 (Central Africa Time)","5500","6500","7500","",""
"21","Amasaka","Amasaka","nyagatare","Mon Sep 28 2026 12:56:20 GMT+0200 (Central Africa Time)","600","800","1000","",""
"22","Inanasi","Inanasi","nyagatare","Mon Sep 28 2026 12:56:20 GMT+0200 (Central Africa Time)","600","800","1000","",""
"23","Amacunga","Amacunga","nyagatare","Mon Sep 28 2026 12:56:20 GMT+0200 (Central Africa Time)","800","1000","1200","",""
"24","Ifu-amasaka","Ifu-amasaka","nyagatare","Mon Sep 28 2026 12:56:20 GMT+0200 (Central Africa Time)","800","1000","1200","",""
"25","Ipapayi","Ipapayi","nyagatare","Mon Sep 28 2026 12:56:20 GMT+0200 (Central Africa Time)","800","1000","1200","",""
"26","Ibishyimbo Ibinyarwanda","Ibishyimbo Ibinyarwanda","nyagatare","Mon Sep 28 2026 12:56:20 GMT+0200 (Central Africa Time)","800","1000","1200","",""
"27","Imineke","Imineke","nyagatare","Mon Sep 28 2026 12:56:20 GMT+0200 (Central Africa Time)","800","1000","1200","",""
"28","Soya","Soya","nyagatare","Mon Sep 28 2026 12:56:20 GMT+0200 (Central Africa Time)","800","1000","1200","",""
"29","Ifu - Ibigori - Mugurusu","Ifu - Ibigori - Mugurusu","nyagatare","Mon Sep 28 2026 12:56:20 GMT+0200 (Central Africa Time)","1080","1120","1200","",""
"30","igi - irinyaRwanda","igi - irinyaRwanda","nyagatare","Mon Sep 28 2026 12:56:20 GMT+0200 (Central Africa Time)","200","250","300","",""
"31","Igi- Pondeze","Igi- Pondeze","nyagatare","Mon Sep 28 2026 12:56:20 GMT+0200 (Central Africa Time)","150","200","250","",""
"32","Indimu","Indimu","nyagatare","Mon Sep 28 2026 12:56:20 GMT+0200 (Central Africa Time)","1000","1500","2000","",""
"33","Amatunda","Amatunda","nyagatare","Mon Sep 28 2026 12:56:20 GMT+0200 (Central Africa Time)","1600","1800","2000","",""
"34","Umuceli-Tz","Umuceli-Tz","nyagatare","Mon Sep 28 2026 12:56:20 GMT+0200 (Central Africa Time)","1680","1820","2000","",""
"35","Umuceri - Tz No 2","Umuceri - Tz No 2","nyagatare","Mon Sep 28 2026 12:56:20 GMT+0200 (Central Africa Time)","1340","1640","1700","",""
"36","Isombe","Isombe","nyagatare","Mon Sep 28 2026 12:56:20 GMT+0200 (Central Africa Time)","400","600","800","",""
"37","Avoka","Avoka","nyagatare","Mon Sep 28 2026 12:56:20 GMT+0200 (Central Africa Time)","400","600","800","",""
"38","Ibihaza","Ibihaza","nyagatare","Mon Sep 28 2026 12:56:20 GMT+0200 (Central Africa Time)","650","750","800","",""
"39","Amashu","Amashu","nyagatare","Mon Sep 28 2026 12:56:20 GMT+0200 (Central Africa Time)","650","750","800","",""
"40","Amateke","Amateke","nyagatare","Mon Sep 28 2026 12:56:20 GMT+0200 (Central Africa Time)","550","650","700","",""
"41","Mandarine","Mandarine","nyagatare","Mon Sep 28 2026 12:30:32 GMT+0200 (Central Africa Time)","1400","1600","1800","",""
"42","Isukari","Isukari","nyagatare","Mon Sep 28 2026 12:30:32 GMT+0200 (Central Africa Time)","1400","1600","1800","",""
"43","Amavuta ubuto","Amavuta ubuto","nyagatare","Mon Sep 28 2026 12:30:32 GMT+0200 (Central Africa Time)","2800","3000","3200","",""
"44","Gaz","Gaz","nyagatare","Mon Sep 28 2026 12:30:32 GMT+0200 (Central Africa Time)","2800","3000","3200","",""
"45","Pome","Pome","nyagatare","Mon Sep 28 2026 12:30:32 GMT+0200 (Central Africa Time)","2000","2500","3000","",""
"46","Amavuta - Amamesa","Amavuta - Amamesa","nyagatare","Mon Sep 28 2026 12:30:32 GMT+0200 (Central Africa Time)","2000","2500","3000","",""
"47","Ifu-ingano","Ifu-ingano","nyagatare","Mon Sep 28 2026 12:30:32 GMT+0200 (Central Africa Time)","1100","1300","1500","",""
"48","Ibishyimbo Kiryumukwe","Ibishyimbo Kiryumukwe","nyagatare","Mon Sep 28 2026 12:30:32 GMT+0200 (Central Africa Time)","1100","1300","1500","",""
"49","Ibishyimbo Colta","Ibishyimbo Colta","nyagatare","Mon Sep 28 2026 12:30:32 GMT+0200 (Central Africa Time)","1100","1300","1500","",""
"50","Ibinyomoro","Ibinyomoro","nyagatare","Mon Sep 28 2026 12:30:32 GMT+0200 (Central Africa Time)","1100","1300","1500","",""
"51","Umuceri Pakistani","Umuceri Pakistani","nyagatare","Mon Sep 28 2026 12:30:32 GMT+0200 (Central Africa Time)","1180","1360","1500","",""
"52","Umuceri Thailand","Umuceri Thailand","nyagatare","Mon Sep 28 2026 12:30:32 GMT+0200 (Central Africa Time)","1180","1360","1500","",""
"53","Tungurusumu","Tungurusumu","nyagatare","Mon Sep 28 2026 12:30:32 GMT+0200 (Central Africa Time)","3500","4500","5000","",""
"54","Imyembe","Imyembe","nyagatare","Mon Sep 28 2026 12:30:32 GMT+0200 (Central Africa Time)","3500","4500","5000","",""
"55","Beterave","Beterave","nyagatare","Mon Sep 28 2026 12:30:32 GMT+0200 (Central Africa Time)","350","450","500","",""
"56","Dodo","Dodo","nyagatare","Mon Sep 28 2026 12:30:32 GMT+0200 (Central Africa Time)","350","450","500","",""
"57","Ibigori","Ibigori","nyagatare","Mon Sep 28 2026 12:30:32 GMT+0200 (Central Africa Time)","350","450","500","",""
"58","IFI - Tomson","IFI - Tomson","nyagatare","Mon Sep 28 2026 12:30:32 GMT+0200 (Central Africa Time)","3000","4000","5000","",""
"59","IFI - Tilapia","IFI - Tilapia","nyagatare","Mon Sep 28 2026 12:30:32 GMT+0200 (Central Africa Time)","4500","5500","6500","",""
"60","inyama-inka-imvange","inyama-inka-imvange","mukamira","Mon Sep 28 2026 12:32:51 GMT+0200 (Central Africa Time)","5000","6500","6500","",""
"61","Inyama-inka- Iroti","Inyama-inka- Iroti","mukamira","Mon Sep 28 2026 12:32:51 GMT+0200 (Central Africa Time)","7000","8500","8500","",""
"62","Ingano","Ingano","mukamira","Mon Sep 28 2026 12:32:51 GMT+0200 (Central Africa Time)","800","1000","1000","",""
"63","Isukari","Isukari","kibuye","Mon Sep 28 2026 12:36:07 GMT+0200 (Central Africa Time)","1340","1470","1600","",""
"64","Umuceli-RW","Umuceli-RW","kibuye","Mon Sep 28 2026 12:34:38 GMT+0200 (Central Africa Time)","1050","1180","1300","",""
"65","Umuceri - Tz No 2","Umuceri - Tz No 2","kibuye","Mon Sep 28 2026 12:33:42 GMT+0200 (Central Africa Time)","1460","1580","1700","",""
"66","Umuceli-Tz","Umuceli-Tz","kibuye","Mon Sep 28 2026 12:32:26 GMT+0200 (Central Africa Time)","1750","1870","2000","",""
"67","Umuceri Pakistani","Umuceri Pakistani","kibuye","Mon Sep 28 2026 12:31:11 GMT+0200 (Central Africa Time)","1240","1370","1500","",""
"68","Ifu - Ibigori - Mugurusu","Ifu - Ibigori - Mugurusu","kibuye","Mon Sep 28 2026 12:29:33 GMT+0200 (Central Africa Time)","950","1080","1200","",""
"69","Ifu-imyumbati","Ifu-imyumbati","kibuye","Mon Sep 28 2026 12:28:49 GMT+0200 (Central Africa Time)","600","800","1000","",""
"70","igi - irinyaRwanda","igi - irinyaRwanda","kibuye","Mon Sep 28 2026 12:28:10 GMT+0200 (Central Africa Time)","210","230","250","",""
"71","Igi- Pondeze","Igi- Pondeze","kibuye","Mon Sep 28 2026 12:27:14 GMT+0200 (Central Africa Time)","160","180","200","",""
"72","Soya","Soya","kibuye","Mon Sep 28 2026 12:26:18 GMT+0200 (Central Africa Time)","1000","1200","1400","",""
"73","Ingano","Ingano","kibuye","Mon Sep 28 2026 12:25:12 GMT+0200 (Central Africa Time)","900","1100","1300","",""
"74","Ibigori","Ibigori","kibuye","Mon Sep 28 2026 12:24:09 GMT+0200 (Central Africa Time)","470","580","700","",""
"75","Amasaka","Amasaka","kibuye","Mon Sep 28 2026 12:22:49 GMT+0200 (Central Africa Time)","680","790","900","",""
"76","Ubunyobwa","Ubunyobwa","kibuye","Mon Sep 28 2026 12:21:46 GMT+0200 (Central Africa Time)","2100","2300","2500","",""
"77","Ibishyimbo Shyushya","Ibishyimbo Shyushya","kibuye","Mon Sep 28 2026 12:21:05 GMT+0200 (Central Africa Time)","1300","1450","1600","",""
"78","Ibishyimbo Ibinyarwanda","Ibishyimbo Ibinyarwanda","kibuye","Mon Sep 28 2026 12:20:50 GMT+0200 (Central Africa Time)","1200","1350","1500","",""
"79","Ibishyimbo - Mushingiriro","Ibishyimbo - Mushingiriro","kibuye","Mon Sep 28 2026 12:19:35 GMT+0200 (Central Africa Time)","1200","1350","1500","",""
"80","Igitoki","Igitoki","mukamira","Mon Sep 28 2026 11:48:43 GMT+0200 (Central Africa Time)","400","500","500","",""
"81","Umuceli-RW","Umuceli-RW","mukamira","Mon Sep 28 2026 11:48:43 GMT+0200 (Central Africa Time)","1000","1200","1200","",""
"82","Umuceli-Tz","Umuceli-Tz","mukamira","Mon Sep 28 2026 11:48:43 GMT+0200 (Central Africa Time)","1800","2000","2000","",""
"83","Ifu-imyumbati","Ifu-imyumbati","mukamira","Mon Sep 28 2026 11:48:43 GMT+0200 (Central Africa Time)","500","650","650","",""
"84","Ifu - Ibigori - MINIMEX","Ifu - Ibigori - MINIMEX","mukamira","Mon Sep 28 2026 11:48:43 GMT+0200 (Central Africa Time)","800","1000","1000","",""
"85","Ibishyimbo - Mushingiriro","Ibishyimbo - Mushingiriro","mukamira","Mon Sep 28 2026 11:48:43 GMT+0200 (Central Africa Time)","1400","1500","1500","",""
"86","Ibishyimbo Kiryumukwe","Ibishyimbo Kiryumukwe","mukamira","Mon Sep 28 2026 11:48:43 GMT+0200 (Central Africa Time)","1450","1600","1600","",""
"87","Imyumbati","Imyumbati","mukamira","Mon Sep 28 2026 11:48:43 GMT+0200 (Central Africa Time)","500","600","600","",""
"88","Pome","Pome","kibuye","Mon Sep 28 2026 12:13:34 GMT+0200 (Central Africa Time)","6000","6500","7000","",""
"89","Avoka","Avoka","kibuye","Mon Sep 28 2026 12:12:30 GMT+0200 (Central Africa Time)","800","1000","1200","",""
"90","Amacunga","Amacunga","kibuye","Mon Sep 28 2026 12:11:20 GMT+0200 (Central Africa Time)","800","1000","1200","",""
"91","Indimu","Indimu","kibuye","Mon Sep 28 2026 12:11:01 GMT+0200 (Central Africa Time)","1100","1300","1500","",""
"92","Mandarine","Mandarine","kibuye","Mon Sep 28 2026 12:10:19 GMT+0200 (Central Africa Time)","1100","1300","1500","",""
"93","Imyembe","Imyembe","kibuye","Mon Sep 28 2026 12:09:06 GMT+0200 (Central Africa Time)","1100","1300","1500","",""
"94","Ibinyomoro","Ibinyomoro","kibuye","Mon Sep 28 2026 12:08:04 GMT+0200 (Central Africa Time)","1300","1500","1700","",""
"95","Amatunda","Amatunda","kibuye","Mon Sep 28 2026 12:07:14 GMT+0200 (Central Africa Time)","1400","1600","1800","",""
"96","Puwavuro","Puwavuro","kibuye","Mon Sep 28 2026 12:06:13 GMT+0200 (Central Africa Time)","1600","1800","2000","",""
"97","Inyanya","Inyanya","kibuye","Mon Sep 28 2026 12:04:16 GMT+0200 (Central Africa Time)","500","650","800","",""
"98","Karoti","Karoti","kibuye","Mon Sep 28 2026 12:03:03 GMT+0200 (Central Africa Time)","900","1050","1200","",""
"99","ibitunguru-bitukura","ibitunguru-bitukura","kibuye","Mon Sep 28 2026 12:01:40 GMT+0200 (Central Africa Time)","800","1000","1200","",""
"100","Ibitunguru-umweru","Ibitunguru-umweru","kibuye","Mon Sep 28 2026 12:01:10 GMT+0200 (Central Africa Time)","1100","1300","1500","",""
"101","Imiteja","Imiteja","kibuye","Mon Sep 28 2026 11:59:56 GMT+0200 (Central Africa Time)","1100","1300","1500","",""
"102","Isombe","Isombe","kibuye","Mon Sep 28 2026 11:58:56 GMT+0200 (Central Africa Time)","1100","1300","1500","",""
"103","Urunyogwe","Urunyogwe","kibuye","Mon Sep 28 2026 11:56:03 GMT+0200 (Central Africa Time)","2900","3200","3500","",""
"104","Ifi- Indagara-umunyu","Ifi- Indagara-umunyu","kibuye","Mon Sep 28 2026 11:55:17 GMT+0200 (Central Africa Time)","4000","5000","6000","",""
"105","IFI - Tomson","IFI - Tomson","kibuye","Mon Sep 28 2026 11:54:03 GMT+0200 (Central Africa Time)","4000","4500","5000","",""
"106","IFI - Tilapia","IFI - Tilapia","kibuye","Mon Sep 28 2026 11:53:21 GMT+0200 (Central Africa Time)","5000","5500","6000","",""
"107","inyama - inkoko - pondezi","inyama - inkoko - pondezi","kibuye","Mon Sep 28 2026 11:51:25 GMT+0200 (Central Africa Time)","5500","6000","6500","",""
"108","Inyama-inka- Iroti","Inyama-inka- Iroti","kibuye","Mon Sep 28 2026 11:50:35 GMT+0200 (Central Africa Time)","8000","8500","9000","",""
"109","inyama-inka-imvange","inyama-inka-imvange","kibuye","Mon Sep 28 2026 11:48:12 GMT+0200 (Central Africa Time)","7000","7500","8000","",""
"110","Igitoki","Igitoki","mukamira","Mon Sep 28 2026 11:48:43 GMT+0200 (Central Africa Time)","400","500","500","",""
"111","Ibiringanya","Ibiringanya","mukamira","Mon Sep 28 2026 11:36:28 GMT+0200 (Central Africa Time)","1200","1500","1500","",""
"112","Ibirayi- Kinigi Grade 2","Ibirayi- Kinigi Grade 2","mukamira","Mon Sep 28 2026 11:36:28 GMT+0200 (Central Africa Time)","830","850","850","",""
"113","Ibijumba","Ibijumba","mukamira","Mon Sep 28 2026 11:36:28 GMT+0200 (Central Africa Time)","450","550","550","",""
"114","ibirayi - Kirundo","ibirayi - Kirundo","mukamira","Mon Sep 28 2026 11:36:28 GMT+0200 (Central Africa Time)","680","700","700","",""
"115","Ibirayi- Kinigi Grade 1","Ibirayi- Kinigi Grade 1","kibuye","Mon Sep 28 2026 11:43:58 GMT+0200 (Central Africa Time)","900","950","1000","",""
"116","Ibirayi","Ibirayi","kibuye","Mon Sep 28 2026 11:43:18 GMT+0200 (Central Africa Time)","900","950","1000","",""
"117","ibirayi - Kirundo","ibirayi - Kirundo","kibuye","Mon Sep 28 2026 11:38:22 GMT+0200 (Central Africa Time)","800","850","900","",""
"118","Ibirayi- Kinigi Grade 2","Ibirayi- Kinigi Grade 2","kibuye","Mon Sep 28 2026 11:36:52 GMT+0200 (Central Africa Time)","800","850","900","",""
"119","Amakara","Amakara","kibuye","Mon Sep 28 2026 11:36:09 GMT+0200 (Central Africa Time)","11000","12500","14000","",""
"120","Igitoki","Igitoki","kibuye","Mon Sep 28 2026 11:35:51 GMT+0200 (Central Africa Time)","450","520","600","",""
"121","Imyumbati","Imyumbati","kibuye","Mon Sep 28 2026 11:35:35 GMT+0200 (Central Africa Time)","450","520","600","",""
"122","Ibijumba","Ibijumba","kibuye","Mon Sep 28 2026 11:34:17 GMT+0200 (Central Africa Time)","450","520","600","",""
"123","Ibinyomoro","Ibinyomoro","mukamira","Mon Sep 28 2026 11:36:28 GMT+0200 (Central Africa Time)","1300","1500","1500","",""
"124","Dodo","Dodo","mukamira","Mon Sep 28 2026 11:30:11 GMT+0200 (Central Africa Time)","800","1000","1000","",""
"125","Epinari","Epinari","mukamira","Mon Sep 28 2026 11:30:11 GMT+0200 (Central Africa Time)","600","900","900","",""
"126","Beterave","Beterave","mukamira","Mon Sep 28 2026 11:30:11 GMT+0200 (Central Africa Time)","1000","1350","1350","",""
"127","Avoka","Avoka","mukamira","Mon Sep 28 2026 11:30:11 GMT+0200 (Central Africa Time)","700","900","900","",""
"128","Amavuta ubuto","Amavuta ubuto","mukamira","Mon Sep 28 2026 11:18:19 GMT+0200 (Central Africa Time)","4200","4500","4500","",""
"129","Amatunda","Amatunda","mukamira","Mon Sep 28 2026 11:18:19 GMT+0200 (Central Africa Time)","2200","2500","2500","",""
"130","Amashu","Amashu","mukamira","Mon Sep 28 2026 11:18:19 GMT+0200 (Central Africa Time)","400","500","600","",""
"131","Amasaka","Amasaka","mukamira","Mon Sep 28 2026 11:18:19 GMT+0200 (Central Africa Time)","600","800","800","",""
"132","Amakara","Amakara","mukamira","Mon Sep 28 2026 11:18:19 GMT+0200 (Central Africa Time)","27000","29000","30000","",""
"133","Amacunga","Amacunga","mukamira","Mon Sep 28 2026 11:18:19 GMT+0200 (Central Africa Time)","750","1000","1200","",""
"134","Urunyogwe","Urunyogwe","nyabugogo","Mon Sep 28 2026 11:19:35 GMT+0200 (Central Africa Time)","3000","3300","3500","",""
"135","Umuceli-Tz","Umuceli-Tz","nyabugogo","Mon Sep 28 2026 11:18:34 GMT+0200 (Central Africa Time)","1700","1900","2000","",""
"136","Umuceri - Rw - Gikonko","Umuceri - Rw - Gikonko","nyabugogo","Mon Sep 28 2026 11:10:14 GMT+0200 (Central Africa Time)","1100","1300","1350","",""
"137","Umuceri - Rw - Luck rice","Umuceri - Rw - Luck rice","nyabugogo","Mon Sep 28 2026 11:08:14 GMT+0200 (Central Africa Time)","1200","1400","1450","",""
"138","Soya","Soya","nyabugogo","Mon Sep 28 2026 11:05:41 GMT+0200 (Central Africa Time)","1050","1200","1300","",""
"139","Isukari","Isukari","nyabugogo","Mon Sep 28 2026 11:03:08 GMT+0200 (Central Africa Time)","1100","1300","1400","",""
"140","Karoti","Karoti","nyabugogo","Mon Sep 28 2026 11:00:31 GMT+0200 (Central Africa Time)","900","1100","1200","",""
"141","Inyanya","Inyanya","nyabugogo","Mon Sep 28 2026 10:57:45 GMT+0200 (Central Africa Time)","500","700","800","",""
"142","inyama-inka-imvange","inyama-inka-imvange","nyabugogo","Mon Sep 28 2026 10:56:37 GMT+0200 (Central Africa Time)","5700","7000","7500","",""
"143","Inyama-inka- Iroti","Inyama-inka- Iroti","nyabugogo","Mon Sep 28 2026 10:53:24 GMT+0200 (Central Africa Time)","7500","8000","8500","",""
"144","inyama - inkoko - pondezi","inyama - inkoko - pondezi","nyabugogo","Mon Sep 28 2026 10:47:42 GMT+0200 (Central Africa Time)","3000","3500","4000","",""
"145","Ingano","Ingano","nyabugogo","Mon Sep 28 2026 10:45:56 GMT+0200 (Central Africa Time)","750","900","1000","",""
"146","Indimu","Indimu","nyabugogo","Mon Sep 28 2026 10:43:41 GMT+0200 (Central Africa Time)","700","900","1000","",""
"147","Imyumbati","Imyumbati","nyabugogo","Mon Sep 28 2026 10:40:54 GMT+0200 (Central Africa Time)","500","700","800","",""
"148","Imiteja","Imiteja","nyabugogo","Mon Sep 28 2026 10:38:01 GMT+0200 (Central Africa Time)","900","1100","1200","",""
"149","Igitoki","Igitoki","nyabugogo","Mon Sep 28 2026 10:34:34 GMT+0200 (Central Africa Time)","350","450","500","",""
"150","igi - irinyaRwanda","igi - irinyaRwanda","nyabugogo","Mon Sep 28 2026 10:30:39 GMT+0200 (Central Africa Time)","220","260","300","",""
"151","Igi- Pondeze","Igi- Pondeze","nyabugogo","Mon Sep 28 2026 10:27:08 GMT+0200 (Central Africa Time)","120","170","200","",""
"152","IFI - Tomson","IFI - Tomson","nyabugogo","Mon Sep 28 2026 10:25:19 GMT+0200 (Central Africa Time)","3500","4000","4500","",""
"153","IFI - Tilapia","IFI - Tilapia","nyabugogo","Mon Sep 28 2026 10:22:36 GMT+0200 (Central Africa Time)","5300","5700","6000","",""
"154","Ifu - Ibigori - Mugurusu","Ifu - Ibigori - Mugurusu","nyabugogo","Mon Sep 28 2026 10:19:37 GMT+0200 (Central Africa Time)","900","1100","1200","",""
"155","Ibitunguru-umweru","Ibitunguru-umweru","nyabugogo","Mon Sep 28 2026 10:17:05 GMT+0200 (Central Africa Time)","850","1100","1200","",""
"156","ibitunguru-bitukura","ibitunguru-bitukura","nyabugogo","Mon Sep 28 2026 10:15:35 GMT+0200 (Central Africa Time)","500","700","800","",""
"157","Ibitonore","Ibitonore","nyabugogo","Mon Sep 28 2026 10:12:03 GMT+0200 (Central Africa Time)","2100","2300","2500","",""
"158","Ibishyimbo/Mutiki","Ibishyimbo/Mutiki","nyabugogo","Mon Sep 28 2026 10:08:35 GMT+0200 (Central Africa Time)","1400","1600","1700","",""
"159","Ibishyimbo Shyushya","Ibishyimbo Shyushya","nyabugogo","Mon Sep 28 2026 10:06:02 GMT+0200 (Central Africa Time)","1200","1400","1500","",""
"160","Ibishyimbo Ibinyarwanda","Ibishyimbo Ibinyarwanda","nyabugogo","Mon Sep 28 2026 10:03:35 GMT+0200 (Central Africa Time)","1100","1300","1400","",""
"161","Ibishyimbo Colta","Ibishyimbo Colta","nyabugogo","Mon Sep 28 2026 10:01:04 GMT+0200 (Central Africa Time)","1400","1600","1700","",""
"162","Ibishyimbo - Injyamane","Ibishyimbo - Injyamane","nyabugogo","Mon Sep 28 2026 09:59:40 GMT+0200 (Central Africa Time)","1600","1800","2000","",""
"163","Ibirayi- Kinigi Grade 2","Ibirayi- Kinigi Grade 2","nyabugogo","Mon Sep 28 2026 09:54:32 GMT+0200 (Central Africa Time)","1050","1200","1300","",""
"164","ibirayi - Kirundo","ibirayi - Kirundo","nyabugogo","Mon Sep 28 2026 09:52:22 GMT+0200 (Central Africa Time)","600","800","850","",""
"165","Ibinyomoro","Ibinyomoro","nyabugogo","Mon Sep 28 2026 09:49:24 GMT+0200 (Central Africa Time)","1300","1500","1600","",""
"166","Ibijumba","Ibijumba","nyabugogo","Mon Sep 28 2026 09:47:50 GMT+0200 (Central Africa Time)","500","700","800","",""
"167","Ibigori","Ibigori","nyabugogo","Mon Sep 28 2026 09:45:34 GMT+0200 (Central Africa Time)","400","550","600","",""
"168","Avoka","Avoka","nyabugogo","Mon Sep 28 2026 09:43:36 GMT+0200 (Central Africa Time)","500","700","800","",""
"169","Amatunda","Amatunda","nyabugogo","Mon Sep 28 2026 09:25:14 GMT+0200 (Central Africa Time)","2300","2500","2700","",""
"170","Amateke","Amateke","nyabugogo","Mon Sep 28 2026 09:22:53 GMT+0200 (Central Africa Time)","700","900","1100","",""
"171","Amasaka","Amasaka","nyabugogo","Mon Sep 28 2026 09:19:03 GMT+0200 (Central Africa Time)","550","800","900","",""
"172","Amacunga","Amacunga","nyabugogo","Mon Sep 28 2026 09:14:50 GMT+0200 (Central Africa Time)","700","900","1000","",""
"173","Ibishyimbo Kiryumukwe","Ibishyimbo Kiryumukwe","bugarama","Mon Sep 28 2026 10:50:54 GMT+0200 (Central Africa Time)","1400","1500","1600","",""
"174","Amashu","Amashu","bugarama","Mon Sep 28 2026 10:50:54 GMT+0200 (Central Africa Time)","400","500","600","",""
"175","Ibijumba","Ibijumba","bugarama","Mon Sep 28 2026 10:50:54 GMT+0200 (Central Africa Time)","383","450","500","",""
"176","Ibirayi","Ibirayi","bugarama","Mon Sep 28 2026 10:50:54 GMT+0200 (Central Africa Time)","700","750","800","",""
"177","Ifu-imyumbati","Ifu-imyumbati","bugarama","Mon Sep 28 2026 10:40:44 GMT+0200 (Central Africa Time)","500","550","600","",""
"178","Igitoki","Igitoki","bugarama","Mon Sep 28 2026 10:40:44 GMT+0200 (Central Africa Time)","367","400","500","",""
"179","Imyumbati","Imyumbati","bugarama","Mon Sep 28 2026 10:40:44 GMT+0200 (Central Africa Time)","400","450","500","",""
"180","Ihene - Ikuze - Inzungu","Ihene - Ikuze - Inzungu","karenge","Mon Sep 28 2026 09:08:45 GMT+0200 (Central Africa Time)","75000","76000","78000","",""
"181","Ingano","Ingano","bugarama","Mon Sep 28 2026 10:40:44 GMT+0200 (Central Africa Time)","800","900","1000","",""
"182","Amasaka","Amasaka","karenge","Mon Sep 28 2026 09:08:45 GMT+0200 (Central Africa Time)","700","750","800","",""
"183","Inyanya","Inyanya","bugarama","Mon Sep 28 2026 10:40:44 GMT+0200 (Central Africa Time)","500","600","700","",""
"184","Soya","Soya","bugarama","Mon Sep 28 2026 10:40:44 GMT+0200 (Central Africa Time)","1100","1200","1300","",""
"185","Amashu","Amashu","karenge","Mon Sep 28 2026 09:08:45 GMT+0200 (Central Africa Time)","450","500","550","",""
"186","Umuceli-RW","Umuceli-RW","bugarama","Mon Sep 28 2026 10:40:44 GMT+0200 (Central Africa Time)","1140","1160","1200","",""
"187","Amatunda","Amatunda","karenge","Mon Sep 28 2026 09:08:45 GMT+0200 (Central Africa Time)","2000","2300","2500","",""
"188","Umuceli-Tz","Umuceli-Tz","bugarama","Mon Sep 28 2026 10:40:44 GMT+0200 (Central Africa Time)","1800","1900","2000","",""
"189","Ibigori","Ibigori","karenge","Mon Sep 28 2026 09:08:45 GMT+0200 (Central Africa Time)","550","600","650","",""
"190","ibitunguru-bitukura","ibitunguru-bitukura","bugarama","Mon Sep 28 2026 10:40:44 GMT+0200 (Central Africa Time)","1000","1100","1200","",""
"191","Ibijumba","Ibijumba","karenge","Mon Sep 28 2026 09:08:45 GMT+0200 (Central Africa Time)","400","450","500","",""
"192","Karoti","Karoti","bugarama","Mon Sep 28 2026 10:05:21 GMT+0200 (Central Africa Time)","1300","1400","1500","",""
"193","Amacunga","Amacunga","bugarama","Mon Sep 28 2026 10:05:21 GMT+0200 (Central Africa Time)","1000","1100","1200","",""
"194","Ifu-imyumbati","Ifu-imyumbati","karenge","Mon Sep 28 2026 09:08:45 GMT+0200 (Central Africa Time)","600","700","800","",""
"195","Inanasi","Inanasi","bugarama","Mon Sep 28 2026 10:05:21 GMT+0200 (Central Africa Time)","400","500","600","",""
"196","Imineke","Imineke","karenge","Mon Sep 28 2026 09:08:45 GMT+0200 (Central Africa Time)","450","500","600","",""
"197","Urusenda","Urusenda","bugarama","Mon Sep 28 2026 10:05:21 GMT+0200 (Central Africa Time)","2500","2600","2800","",""
"198","Imyumbati","Imyumbati","karenge","Mon Sep 28 2026 09:08:45 GMT+0200 (Central Africa Time)","350","380","400","",""
"199","Mandarine","Mandarine","bugarama","Mon Sep 28 2026 10:05:21 GMT+0200 (Central Africa Time)","1300","1400","1500","",""
"200","Puwavuro","Puwavuro","bugarama","Mon Sep 28 2026 10:05:21 GMT+0200 (Central Africa Time)","1300","1400","1500","",""
"201","Ingano","Ingano","karenge","Mon Sep 28 2026 09:08:45 GMT+0200 (Central Africa Time)","1100","1200","1300","",""
"202","Ibinyomoro","Ibinyomoro","bugarama","Mon Sep 28 2026 10:05:21 GMT+0200 (Central Africa Time)","1600","1800","2000","",""
"203","ibitunguru-bitukura","ibitunguru-bitukura","ruhango","Mon Sep 28 2026 10:27:49 GMT+0200 (Central Africa Time)","700","900","1000","",""
"204","Imiteja","Imiteja","ruhango","Mon Sep 28 2026 10:27:49 GMT+0200 (Central Africa Time)","700","900","1000","",""
"205","Karoti","Karoti","ruhango","Mon Sep 28 2026 10:27:49 GMT+0200 (Central Africa Time)","700","900","1000","",""
"206","inshyushyu","inshyushyu","karenge","Mon Sep 28 2026 09:08:45 GMT+0200 (Central Africa Time)","500","550","600","",""
"207","Ipapayi","Ipapayi","bugarama","Mon Sep 28 2026 10:05:21 GMT+0200 (Central Africa Time)","500","600","700","",""
"208","Avoka","Avoka","bugarama","Mon Sep 28 2026 10:05:21 GMT+0200 (Central Africa Time)","400","500","600","",""
"209","Ibishyimbo Shyushya","Ibishyimbo Shyushya","ruhango","Mon Sep 28 2026 10:27:49 GMT+0200 (Central Africa Time)","1200","1300","1400","",""
"210","Inyanya","Inyanya","karenge","Mon Sep 28 2026 09:08:45 GMT+0200 (Central Africa Time)","280","450","500","",""
"211","Soya","Soya","ruhango","Mon Sep 28 2026 10:27:49 GMT+0200 (Central Africa Time)","900","950","1000","",""
"212","Imiteja","Imiteja","bugarama","Mon Sep 28 2026 10:05:21 GMT+0200 (Central Africa Time)","1200","1300","1400","",""
"213","Soya","Soya","karenge","Mon Sep 28 2026 09:08:45 GMT+0200 (Central Africa Time)","1000","1200","1300","",""
"214","Amasaka","Amasaka","mulindi","Mon Sep 28 2026 09:57:26 GMT+0200 (Central Africa Time)","700","750","800","",""
"215","Isukari","Isukari","mulindi","Mon Sep 28 2026 09:57:26 GMT+0200 (Central Africa Time)","1300","1400","1500","",""
"216","Amavuta ubuto","Amavuta ubuto","mulindi","Mon Sep 28 2026 09:57:26 GMT+0200 (Central Africa Time)","2800","2850","3000","",""
"217","Umuceri - Tz No 2","Umuceri - Tz No 2","mulindi","Mon Sep 28 2026 09:57:26 GMT+0200 (Central Africa Time)","1500","1550","1700","",""
"218","Umuceli-Tz","Umuceli-Tz","mulindi","Mon Sep 28 2026 09:57:26 GMT+0200 (Central Africa Time)","1800","1850","2000","",""
"219","Soya","Soya","mulindi","Mon Sep 28 2026 09:57:26 GMT+0200 (Central Africa Time)","1100","1160","1200","",""
"220","Karoti","Karoti","mulindi","Mon Sep 28 2026 09:57:26 GMT+0200 (Central Africa Time)","850","900","1000","",""
"221","Inyanya","Inyanya","mulindi","Mon Sep 28 2026 09:57:26 GMT+0200 (Central Africa Time)","800","860","1000","",""
"222","inyama-inka-imvange","inyama-inka-imvange","mulindi","Mon Sep 28 2026 09:47:52 GMT+0200 (Central Africa Time)","6500","7000","7500","",""
"223","Inkoko - Inzungu - z' Inyama (below 2 weeks)","Inkoko - Inzungu - z' Inyama (below 2 weeks)","mulindi","Mon Sep 28 2026 09:47:52 GMT+0200 (Central Africa Time)","4500","4600","5500","",""
"224","Inyama - Inkoko - rwanda","Inyama - Inkoko - rwanda","mulindi","Mon Sep 28 2026 09:47:52 GMT+0200 (Central Africa Time)","6000","6500","7000","",""
"225","Ifu - Ibigori - Mugurusu","Ifu - Ibigori - Mugurusu","mulindi","Mon Sep 28 2026 09:47:52 GMT+0200 (Central Africa Time)","1000","1100","1200","",""
"226","inshyushyu","inshyushyu","mulindi","Mon Sep 28 2026 09:47:52 GMT+0200 (Central Africa Time)","600","650","700","",""
"227","Ingano","Ingano","mulindi","Mon Sep 28 2026 09:47:52 GMT+0200 (Central Africa Time)","1100","1150","1200","",""
"228","Imyumbati","Imyumbati","mulindi","Mon Sep 28 2026 09:20:21 GMT+0200 (Central Africa Time)","500","560","600","",""
"229","Igitoki","Igitoki","mulindi","Mon Sep 28 2026 09:20:21 GMT+0200 (Central Africa Time)","400","450","500","",""
"230","Igi- Pondeze","Igi- Pondeze","mulindi","Mon Sep 28 2026 09:20:21 GMT+0200 (Central Africa Time)","170","190","250","",""
"231","igi - irinyaRwanda","igi - irinyaRwanda","mulindi","Mon Sep 28 2026 09:20:21 GMT+0200 (Central Africa Time)","220","230","300","",""
"232","IFI - Tilapia","IFI - Tilapia","mulindi","Mon Sep 28 2026 09:20:21 GMT+0200 (Central Africa Time)","6000","6500","7000","",""
"233","ibitunguru-bitukura","ibitunguru-bitukura","mulindi","Mon Sep 28 2026 09:20:21 GMT+0200 (Central Africa Time)","900","950","1000","",""
"234","Ibishyimbo Shyushya","Ibishyimbo Shyushya","mulindi","Mon Sep 28 2026 09:20:21 GMT+0200 (Central Africa Time)","1200","1250","1300","",""
"235","Ibishyimbo/Mutiki","Ibishyimbo/Mutiki","mulindi","Mon Sep 28 2026 09:20:21 GMT+0200 (Central Africa Time)","1300","1330","1400","",""
"236","Ibishyimbo Kiryumukwe","Ibishyimbo Kiryumukwe","mulindi","Mon Sep 28 2026 09:20:21 GMT+0200 (Central Africa Time)","1300","1340","1400","",""
"237","Ibishyimbo Ibinyarwanda","Ibishyimbo Ibinyarwanda","mulindi","Mon Sep 28 2026 09:20:21 GMT+0200 (Central Africa Time)","1100","1160","1200","",""
"238","Ibishyimbo Colta","Ibishyimbo Colta","mulindi","Mon Sep 28 2026 09:20:21 GMT+0200 (Central Africa Time)","1400","1450","1500","",""
"239","Ibirayi- Kinigi Grade 2","Ibirayi- Kinigi Grade 2","mulindi","Mon Sep 28 2026 09:20:21 GMT+0200 (Central Africa Time)","900","950","1000","",""
"240","Ibirayi- Kinigi Grade 1","Ibirayi- Kinigi Grade 1","mulindi","Mon Sep 28 2026 09:20:21 GMT+0200 (Central Africa Time)","1000","1050","1100","",""
"241","ibirayi - Kirundo","ibirayi - Kirundo","mulindi","Mon Sep 28 2026 09:20:21 GMT+0200 (Central Africa Time)","800","830","900","",""
"242","Ibinyomoro","Ibinyomoro","mulindi","Mon Sep 28 2026 09:20:21 GMT+0200 (Central Africa Time)","1600","1650","1700","",""
"243","Ibijumba","Ibijumba","mulindi","Mon Sep 28 2026 09:20:21 GMT+0200 (Central Africa Time)","600","650","700","",""
"244","Ibigori","Ibigori","mulindi","Mon Sep 28 2026 09:20:21 GMT+0200 (Central Africa Time)","500","550","600","",""
"245","Avoka","Avoka","mulindi","Mon Sep 28 2026 09:20:21 GMT+0200 (Central Africa Time)","700","750","800","",""
"246","Amatunda","Amatunda","mulindi","Mon Sep 28 2026 09:20:21 GMT+0200 (Central Africa Time)","2400","2450","2500","",""
"247","Amacunga","Amacunga","ruhango","Mon Sep 28 2026 10:24:05 GMT+0200 (Central Africa Time)","1000","1100","1200","",""
"248","Konkombure","Konkombure","bugarama","Mon Sep 28 2026 10:05:21 GMT+0200 (Central Africa Time)","800","900","1000","",""
"249","Ifu - Ibigori - Mugurusu","Ifu - Ibigori - Mugurusu","ruhango","Mon Sep 28 2026 10:24:05 GMT+0200 (Central Africa Time)","1000","1100","1200","",""
"250","Ifu - Ibigori - Iraboneye","Ifu - Ibigori - Iraboneye","ruhango","Mon Sep 28 2026 10:24:05 GMT+0200 (Central Africa Time)","1000","1100","1200","",""
"251","Ubunyobwa","Ubunyobwa","karenge","Mon Sep 28 2026 09:08:45 GMT+0200 (Central Africa Time)","3300","3500","4000","",""
"252","Ifu-amasaka","Ifu-amasaka","bugarama","Mon Sep 28 2026 10:05:21 GMT+0200 (Central Africa Time)","800","900","1000","",""
"253","Amashaza","Amashaza","ruhango","Mon Sep 28 2026 10:24:05 GMT+0200 (Central Africa Time)","2700","2800","3000","",""
"254","Umuceli-RW","Umuceli-RW","karenge","Mon Sep 28 2026 09:08:45 GMT+0200 (Central Africa Time)","1080","1150","1300","",""
"255","Uree","Uree","karenge","Mon Sep 28 2026 09:08:45 GMT+0200 (Central Africa Time)","960","1040","1100","",""
"256","Ibishyimbo/Mutiki","Ibishyimbo/Mutiki","bugarama","Mon Sep 28 2026 10:05:21 GMT+0200 (Central Africa Time)","1300","1400","1500","",""
"257","ibitunguru-bitukura","ibitunguru-bitukura","karenge","Mon Sep 28 2026 09:08:45 GMT+0200 (Central Africa Time)","600","700","800","",""
"258","Ibishyimbo Ibinyarwanda","Ibishyimbo Ibinyarwanda","bugarama","Mon Sep 28 2026 10:05:21 GMT+0200 (Central Africa Time)","1200","1300","1400","",""
"259","Ibishyimbo - Mushingiriro","Ibishyimbo - Mushingiriro","bugarama","Mon Sep 28 2026 10:05:21 GMT+0200 (Central Africa Time)","1300","1400","1500","",""
"260","Ditane","Ditane","karenge","Mon Sep 28 2026 09:08:45 GMT+0200 (Central Africa Time)","6500","7000","7500","",""
"261","Ifi- Indagara-umunyu","Ifi- Indagara-umunyu","bugarama","Mon Sep 28 2026 10:05:21 GMT+0200 (Central Africa Time)","6500","6800","7000","",""
"262","Umuceri Pakistani","Umuceri Pakistani","congonil","Mon Sep 28 2026 09:56:48 GMT+0200 (Central Africa Time)","1300","1400","1500","",""
"263","Umuceri Thailand","Umuceri Thailand","congonil","Mon Sep 28 2026 09:54:27 GMT+0200 (Central Africa Time)","1300","1400","1500","",""
"264","inyama-inka-imvange","inyama-inka-imvange","congonil","Mon Sep 28 2026 09:52:17 GMT+0200 (Central Africa Time)","6000","6500","7000","",""
"265","Inyama-inka- Iroti","Inyama-inka- Iroti","congonil","Mon Sep 28 2026 09:51:08 GMT+0200 (Central Africa Time)","7000","7500","8000","",""
"266","Avoka","Avoka","congonil","Mon Sep 28 2026 09:49:50 GMT+0200 (Central Africa Time)","700","750","800","",""
"267","Karoti","Karoti","congonil","Mon Sep 28 2026 09:47:39 GMT+0200 (Central Africa Time)","700","750","800","",""
"268","Ibirayi - Kuruseke","Ibirayi - Kuruseke","congonil","Mon Sep 28 2026 09:46:14 GMT+0200 (Central Africa Time)","700","750","800","",""
"269","Ibirayi - Peko","Ibirayi - Peko","congonil","Mon Sep 28 2026 09:44:09 GMT+0200 (Central Africa Time)","700","750","800","",""
"270","Ibirayi - Gashora","Ibirayi - Gashora","congonil","Mon Sep 28 2026 09:41:48 GMT+0200 (Central Africa Time)","700","750","800","",""
"271","ibirayi - Kuruza","ibirayi - Kuruza","congonil","Mon Sep 28 2026 09:39:13 GMT+0200 (Central Africa Time)","700","750","800","",""
"272","ibirayi - Kirundo","ibirayi - Kirundo","congonil","Mon Sep 28 2026 09:34:36 GMT+0200 (Central Africa Time)","700","750","800","",""
"273","Ibishyimbo/Mutiki","Ibishyimbo/Mutiki","congonil","Mon Sep 28 2026 09:34:06 GMT+0200 (Central Africa Time)","1200","1300","1400","",""
"274","Ibishyimbo Shyushya","Ibishyimbo Shyushya","congonil","Mon Sep 28 2026 09:33:42 GMT+0200 (Central Africa Time)","1200","1300","1400","",""
"275","Ibishyimbo Ibinyarwanda","Ibishyimbo Ibinyarwanda","congonil","Mon Sep 28 2026 09:33:14 GMT+0200 (Central Africa Time)","1200","1300","1400","",""
"276","Ibishyimbo Kiryumukwe","Ibishyimbo Kiryumukwe","congonil","Mon Sep 28 2026 09:32:52 GMT+0200 (Central Africa Time)","1200","1300","1400","",""
"277","Ibishyimbo - Mugeri","Ibishyimbo - Mugeri","congonil","Mon Sep 28 2026 09:32:13 GMT+0200 (Central Africa Time)","1200","1300","1400","",""
"278","Ibishyimbo - Mushingiriro","Ibishyimbo - Mushingiriro","congonil","Mon Sep 28 2026 09:31:46 GMT+0200 (Central Africa Time)","1200","1300","1400","",""
"279","Ibishyimbo - Injyamane","Ibishyimbo - Injyamane","congonil","Mon Sep 28 2026 09:28:23 GMT+0200 (Central Africa Time)","1200","1300","1400","",""
"280","DAP","DAP","karenge","Mon Sep 28 2026 09:08:45 GMT+0200 (Central Africa Time)","960","1040","1100","",""
"281","Inyama-inka- Iroti","Inyama-inka- Iroti","bugarama","Mon Sep 28 2026 10:05:21 GMT+0200 (Central Africa Time)","8000","8500","9000","",""
"282","inyama-inka-imvange","inyama-inka-imvange","bugarama","Mon Sep 28 2026 10:05:21 GMT+0200 (Central Africa Time)","7000","7500","8000","",""
"283","Karoti","Karoti","karenge","Mon Sep 28 2026 09:08:45 GMT+0200 (Central Africa Time)","1033","1100","1200","",""
"284","Indimu","Indimu","karenge","Mon Sep 28 2026 09:08:45 GMT+0200 (Central Africa Time)","1200","1300","1500","",""
"285","Ubuki","Ubuki","ruhango","Mon Sep 28 2026 10:06:12 GMT+0200 (Central Africa Time)","6000","6500","7000","",""
"286","inyama - inkoko - pondezi","inyama - inkoko - pondezi","bugarama","Mon Sep 28 2026 10:05:21 GMT+0200 (Central Africa Time)","6000","6500","6600","",""
"287","Inanasi","Inanasi","karenge","Mon Sep 28 2026 09:08:45 GMT+0200 (Central Africa Time)","600","700","800","",""
"288","inyama - inkoko - pondezi","inyama - inkoko - pondezi","ruhango","Mon Sep 28 2026 10:06:12 GMT+0200 (Central Africa Time)","4167","5000","6000","",""
"289","Ifu - Ibigori - Mugurusu","Ifu - Ibigori - Mugurusu","bugarama","Mon Sep 28 2026 10:05:21 GMT+0200 (Central Africa Time)","1200","1300","1400","",""
"290","Urusenda","Urusenda","karenge","Mon Sep 28 2026 09:08:45 GMT+0200 (Central Africa Time)","4000","4500","5000","",""
"291","Ifu - Ibigori - Iraboneye","Ifu - Ibigori - Iraboneye","bugarama","Mon Sep 28 2026 10:05:21 GMT+0200 (Central Africa Time)","800","900","1000","",""
"292","Puwavuro","Puwavuro","karenge","Mon Sep 28 2026 09:08:45 GMT+0200 (Central Africa Time)","1000","1200","1300","",""
"293","Inyama-inka- Iroti","Meat-inka- Iroti","ruhango","Mon Sep 28 2026 10:17:27 GMT+0200 (Central Africa Time)","8000","8500","9000","",""
"294","Igi- Pondeze","Igi- Pondeze","ruhango","Mon Sep 28 2026 10:06:12 GMT+0200 (Central Africa Time)","160","180","200","",""
"295","Umuceri - RW - Kigori","Umuceri - RW - Kigori","bugarama","Mon Sep 28 2026 10:05:21 GMT+0200 (Central Africa Time)","1140","1160","1200","",""
"296","Tungurusumu","Tungurusumu","karenge","Mon Sep 28 2026 09:08:45 GMT+0200 (Central Africa Time)","3500","4000","4500","",""
"297","Igi- Pondeze","Igi- Pondeze","bugarama","Mon Sep 28 2026 10:05:21 GMT+0200 (Central Africa Time)","180","190","200","",""
"298","Umuceri Pakistani","Umuceri Pakistani","congonil","Mon Sep 28 2026 09:56:48 GMT+0200 (Central Africa Time)","1300","1400","1500","",""
"299","igi - irinyaRwanda","igi - irinyaRwanda","ruhango","Mon Sep 28 2026 09:57:25 GMT+0200 (Central Africa Time)","200","233","250","",""
"300","Ibinyomoro","Ibinyomoro","karenge","Mon Sep 28 2026 09:08:45 GMT+0200 (Central Africa Time)","1200","1300","1500","",""
"301","ibirayi - Kirundo","ibirayi - Kirundo","ruhango","Mon Sep 28 2026 09:57:25 GMT+0200 (Central Africa Time)","730","740","750","",""
"302","ibirayi - Kuruza","ibirayi - Kuruza","bugarama","Mon Sep 28 2026 09:59:42 GMT+0200 (Central Africa Time)","700","800","850","",""
"303","Ipapayi","Ipapayi","karenge","Mon Sep 28 2026 09:08:45 GMT+0200 (Central Africa Time)","500","600","700","",""
"304","Amavuta ubuto","Amavuta ubuto","ruhango","Mon Sep 28 2026 09:57:25 GMT+0200 (Central Africa Time)","2800","2900","3000","",""
"305","Amateke","Amateke","bugarama","Mon Sep 28 2026 09:59:42 GMT+0200 (Central Africa Time)","383","450","500","",""
"306","Ibinyomoro","Ibinyomoro","ruhango","Mon Sep 28 2026 09:57:25 GMT+0200 (Central Africa Time)","1317","1500","1600","",""
"307","Avoka","Avoka","karenge","Mon Sep 28 2026 09:08:45 GMT+0200 (Central Africa Time)","450","500","600","",""
"308","Isukari","Isukari","ruhango","Mon Sep 28 2026 09:57:25 GMT+0200 (Central Africa Time)","1317","1500","1600","",""
"309","IFI - Tomson","IFI - Tomson","bugarama","Mon Sep 28 2026 09:59:42 GMT+0200 (Central Africa Time)","5000","5300","5500","",""
"310","Umuceri Pakistani","Umuceri Pakistani","ruhango","Mon Sep 28 2026 09:57:25 GMT+0200 (Central Africa Time)","1317","1433","1500","",""
"311","IFI - Tilapia","IFI - Tilapia","bugarama","Mon Sep 28 2026 09:59:42 GMT+0200 (Central Africa Time)","5000","5300","5500","",""
"312","Ibitunguru-umweru","Ibitunguru-umweru","karenge","Mon Sep 28 2026 09:08:45 GMT+0200 (Central Africa Time)","1200","1300","1500","",""
"313","IFI - Tomson","IFI - Tomson","ruhango","Mon Sep 28 2026 09:57:25 GMT+0200 (Central Africa Time)","4500","4800","5000","",""
"314","IFI - Tilapia","IFI - Tilapia","ruhango","Mon Sep 28 2026 09:57:25 GMT+0200 (Central Africa Time)","5500","5800","6000","",""
"315","Sereli","Sereli","karenge","Mon Sep 28 2026 09:08:45 GMT+0200 (Central Africa Time)","700","800","900","",""
"316","Dodo","Dodo","karenge","Mon Sep 28 2026 09:08:45 GMT+0200 (Central Africa Time)","280","300","350","",""
"317","Imiteja","Imiteja","karenge","Mon Sep 28 2026 09:08:45 GMT+0200 (Central Africa Time)","800","900","1000","",""
"318","Konkombure","Konkombure","karenge","Mon Sep 28 2026 09:08:45 GMT+0200 (Central Africa Time)","600","700","800","",""
"319","Beterave","Beterave","karenge","Mon Sep 28 2026 09:08:45 GMT+0200 (Central Africa Time)","800","1000","1200","",""
"320","Ubuki","Ubuki","karenge","Mon Sep 28 2026 09:08:45 GMT+0200 (Central Africa Time)","6000","6500","7000","",""
"321","Isombe","Isombe","karenge","Mon Sep 28 2026 09:08:45 GMT+0200 (Central Africa Time)","800","900","1000","",""
"322","Ibiringanya","Ibiringanya","karenge","Mon Sep 28 2026 09:08:45 GMT+0200 (Central Africa Time)","600","700","800","",""
"323","Amakara","Amakara","karenge","Mon Sep 28 2026 09:08:45 GMT+0200 (Central Africa Time)","14500","15000","16000","",""
"324","Ifu-amasaka","Ifu-amasaka","karenge","Mon Sep 28 2026 09:08:45 GMT+0200 (Central Africa Time)","1000","1100","1200","",""
"325","Ibishyimbo/Mutiki","Ibishyimbo/Mutiki","karenge","Mon Sep 28 2026 09:08:45 GMT+0200 (Central Africa Time)","1200","1300","1400","",""
"326","Ibishyimbo Shyushya","Ibishyimbo Shyushya","karenge","Mon Sep 28 2026 09:08:45 GMT+0200 (Central Africa Time)","1200","1300","1400","",""
"327","Ibishyimbo Ibinyarwanda","Ibishyimbo Ibinyarwanda","karenge","Mon Sep 28 2026 09:08:45 GMT+0200 (Central Africa Time)","1000","1100","1200","",""
"328","Ibishyimbo Kiryumukwe","Ibishyimbo Kiryumukwe","karenge","Mon Sep 28 2026 09:08:45 GMT+0200 (Central Africa Time)","1100","1200","1300","",""
"329","Ifi- Indagara-umunyu","Ifi- Indagara-umunyu","karenge","Mon Sep 28 2026 09:08:45 GMT+0200 (Central Africa Time)","5000","5500","6000","",""
"330","inyama-inka-imvange","inyama-inka-imvange","karenge","Mon Sep 28 2026 09:08:45 GMT+0200 (Central Africa Time)","7500","8000","8500","",""
"331","inyama - inkoko - pondezi","inyama - inkoko - pondezi","karenge","Mon Sep 28 2026 09:08:45 GMT+0200 (Central Africa Time)","5000","5500","6000","",""
"332","Ifu - Ibigori - Mugurusu","Ifu - Ibigori - Mugurusu","karenge","Mon Sep 28 2026 09:08:45 GMT+0200 (Central Africa Time)","1040","1150","1200","",""
"333","igi - irinyaRwanda","igi - irinyaRwanda","karenge","Mon Sep 28 2026 09:08:45 GMT+0200 (Central Africa Time)","200","230","250","",""
"334","Ibishyimbo - Injyamane","Ibishyimbo - Injyamane","congonil","Mon Sep 28 2026 09:28:23 GMT+0200 (Central Africa Time)","1200","1300","1400","",""
"335","Igi- Pondeze","Igi- Pondeze","karenge","Mon Sep 28 2026 09:08:45 GMT+0200 (Central Africa Time)","170","180","200","",""
"336","Umuceri - Tz No 2","Umuceri - Tz No 2","karenge","Mon Sep 28 2026 09:08:45 GMT+0200 (Central Africa Time)","1550","1650","1800","",""
"337","Amateke","Amateke","karenge","Mon Sep 28 2026 09:08:45 GMT+0200 (Central Africa Time)","350","380","400","",""
"338","Isukari","Isukari","karenge","Mon Sep 28 2026 09:08:45 GMT+0200 (Central Africa Time)","1350","1400","1500","",""
"339","Amavuta ubuto","Amavuta ubuto","karenge","Mon Sep 28 2026 09:08:45 GMT+0200 (Central Africa Time)","2950","3100","3200","",""
"340","Amavuta - Amamesa","Amavuta - Amamesa","karenge","Mon Sep 28 2026 09:08:45 GMT+0200 (Central Africa Time)","3300","3500","4000","",""
"341","Gaz","Gaz","karenge","Mon Sep 28 2026 09:08:45 GMT+0200 (Central Africa Time)","2100","2200","2350","",""
"342","Ibiryo amatungo Layer Starter Mash","Ibiryo amatungo Layer Starter Mash","karenge","Mon Sep 28 2026 09:08:45 GMT+0200 (Central Africa Time)","850","900","950","",""
"343","Ibiryo amatungo Layer Grow Mash","Ibiryo amatungo Layer Grow Mash","karenge","Mon Sep 28 2026 09:08:45 GMT+0200 (Central Africa Time)","750","800","850","",""
"344","Ibiryo by'amatungo Maize Bran","Ibiryo by'amatungo Maize Bran","karenge","Mon Sep 28 2026 09:08:45 GMT+0200 (Central Africa Time)","350","380","400","",""
"345","Ibiryo amatungo Pig finisher feed","Ibiryo amatungo Pig finisher feed","karenge","Mon Sep 28 2026 09:08:45 GMT+0200 (Central Africa Time)","680","750","800","",""
"346","Umuceri Pakistani","Umuceri Pakistani","karenge","Mon Sep 28 2026 09:08:45 GMT+0200 (Central Africa Time)","1240","1360","1500","",""
"347","IFI - Tomson","IFI - Tomson","karenge","Mon Sep 28 2026 09:08:45 GMT+0200 (Central Africa Time)","3500","4000","4500","",""
"348","IFI - Tilapia","IFI - Tilapia","karenge","Mon Sep 28 2026 09:08:45 GMT+0200 (Central Africa Time)","5500","6000","6500","",""
"349","Inyanya","Inyanya","karambi","Mon Sep 28 2026 08:07:12 GMT+0200 (Central Africa Time)","500","600","700","",""
"350","Umuceri - Tz No 2","Umuceri - Tz No 2","karambi","Mon Sep 28 2026 08:07:12 GMT+0200 (Central Africa Time)","1220","1260","1400","",""
"351","Umuceri - RW - Kigori","Umuceri - RW - Kigori","karambi","Mon Sep 28 2026 08:07:12 GMT+0200 (Central Africa Time)","1020","1060","1200","",""
"352","Umuceri - Rw - Gikonko","Umuceri - Rw - Gikonko","karambi","Mon Sep 28 2026 08:07:12 GMT+0200 (Central Africa Time)","1140","1220","1300","",""
"353","Ibijumba","Ibijumba","karambi","Mon Sep 28 2026 08:07:12 GMT+0200 (Central Africa Time)","200","300","400","",""
"354","Imyumbati","Imyumbati","karambi","Mon Sep 28 2026 08:07:12 GMT+0200 (Central Africa Time)","250","400","500","",""
"355","Amateke","Amateke","karambi","Mon Sep 28 2026 08:07:12 GMT+0200 (Central Africa Time)","250","400","500","",""
"356","Avoka","Avoka","karambi","Mon Sep 28 2026 08:07:12 GMT+0200 (Central Africa Time)","450","600","800","",""
"357","Isukari","Isukari","karambi","Mon Sep 28 2026 08:07:12 GMT+0200 (Central Africa Time)","1100","1350","1500","",""
"358","Ifu - Ibigori - MINIMEX","Ifu - Ibigori - MINIMEX","karambi","Mon Sep 28 2026 08:07:12 GMT+0200 (Central Africa Time)","750","900","1000","",""
"359","Ifu - Ibigori - Mugurusu","Ifu - Ibigori - Mugurusu","karambi","Mon Sep 28 2026 08:07:12 GMT+0200 (Central Africa Time)","900","1100","1200","",""
"360","Ifu-amasaka","Ifu-amasaka","karambi","Mon Sep 28 2026 08:07:12 GMT+0200 (Central Africa Time)","500","600","700","",""
"361","Ifu-imyumbati","Ifu-imyumbati","karambi","Mon Sep 28 2026 08:07:12 GMT+0200 (Central Africa Time)","400","500","700","",""
"362","Igi- Pondeze","Igi- Pondeze","karambi","Mon Sep 28 2026 08:07:12 GMT+0200 (Central Africa Time)","150","175","200","",""
"363","Ibinyomoro","Ibinyomoro","karambi","Mon Sep 28 2026 08:07:12 GMT+0200 (Central Africa Time)","1600","1800","2000","",""
"364","Amatunda","Amatunda","karambi","Mon Sep 28 2026 08:07:12 GMT+0200 (Central Africa Time)","1600","1800","2000","",""
"365","Indimu","Indimu","karambi","Mon Sep 28 2026 08:07:12 GMT+0200 (Central Africa Time)","1500","1800","2000","",""
"366","Ibigori","Ibigori","gisenyi","Mon Sep 28 2026 16:46:02 GMT+0200 (Central Africa Time)","300","450","500","",""
"367","Ibijumba","Ibijumba","gisenyi","Mon Sep 28 2026 16:46:02 GMT+0200 (Central Africa Time)","350","500","650","",""
"368","Ibijumba","Ibijumba","congonil","Wed Sep 30 2026 09:15:00 GMT+0200 (Central Africa Time)","3000","4500","5000","",""
"369","Imyumbati","Imyumbati","ruhango","Wed Sep 30 2026 09:15:00 GMT+0200 (Central Africa Time)","35","45","50","",""
"370","Inyanya","Inyanya","kibuye","Wed Sep 30 2026 09:15:00 GMT+0200 (Central Africa Time)","700","600","900","",""
"371","Karoti","Karoti","mukamira","Wed Sep 30 2026 09:15:00 GMT+0200 (Central Africa Time)","500","900","700","",""
"372","Ibishyimbo Ibinyarwanda","Ibishyimbo Ibinyarwanda","bugarama","Wed Sep 30 2026 09:15:00 GMT+0200 (Central Africa Time)","1200","1100","600","",""
"373","Konkombure","Konkombure","mulindi","Wed Sep 30 2026 09:15:00 GMT+0200 (Central Africa Time)","300","900","1500","",""
"374","Amacunga","Amacunga","karenge","Wed Sep 30 2026 09:15:00 GMT+0200 (Central Africa Time)","0","1000","1200","",""
"375","Ipapayi","Ipapayi","kibuye","Wed Sep 30 2026 09:15:00 GMT+0200 (Central Africa Time)","800","-1000","1200","",""
"376","Ingano","Ingano","nyabugogo","Wed Sep 30 2026 09:15:00 GMT+0200 (Central Africa Time)","900","n/a","1300","",""
"377","","","nyagatare","Wed Sep 30 2026 09:15:00 GMT+0200 (Central Africa Time)","800","1000","1200","",""
"378","Soya","Soya","","Wed Sep 30 2026 09:15:00 GMT+0200 (Central Africa Time)","800","1000","1200","",""
"379","Imineke","Imineke","karambi","Mon Feb 30 2026 09:15:00 GMT+0200 (Central Africa Time)","800","1000","1200","",""
"380","Telefone Samsung","Telefone Samsung","kibuye","Wed Sep 30 2026 09:15:00 GMT+0200 (Central Africa Time)","150000","180000","200000","",""
"381","Ibigori","Ibigori","Dubai Mall","Wed Sep 30 2026 09:15:00 GMT+0200 (Central Africa Time)","300","450","500","",""
"382","Ibijumbaa","Ibijumbaa","karenge","Wed Sep 30 2026 09:15:00 GMT+0200 (Central Africa Time)","300","400","500","",""
"383","Isukari","Isukari","Nyagatar centre","Wed Sep 30 2026 09:15:00 GMT+0200 (Central Africa Time)","1100","1350","1500","",""
"384","Yams","Yams","bugarama","Wed Sep 30 2026 09:15:00 GMT+0200 (Central Africa Time)","400","500","600","",""
"385","Ibitoki","Ibitoki","Kimironko","Wed Sep 30 2026 09:15:00 GMT+0200 (Central Africa Time)","300","400","500","",""